"Step","experiment_12 - Training Loss / Step","experiment_12 - Training Loss / Step__MIN","experiment_12 - Training Loss / Step__MAX","experiment_11 - Training Loss / Step","experiment_11 - Training Loss / Step__MIN","experiment_11 - Training Loss / Step__MAX","experiment_10 - Training Loss / Step","experiment_10 - Training Loss / Step__MIN","experiment_10 - Training Loss / Step__MAX","experiment_9 - Training Loss / Step","experiment_9 - Training Loss / Step__MIN","experiment_9 - Training Loss / Step__MAX","experiment_8 - Training Loss / Step","experiment_8 - Training Loss / Step__MIN","experiment_8 - Training Loss / Step__MAX","experiment_7 - Training Loss / Step","experiment_7 - Training Loss / Step__MIN","experiment_7 - Training Loss / Step__MAX","experiment_6 - Training Loss / Step","experiment_6 - Training Loss / Step__MIN","experiment_6 - Training Loss / Step__MAX","experiment_5 - Training Loss / Step","experiment_5 - Training Loss / Step__MIN","experiment_5 - Training Loss / Step__MAX","experiment_4 - Training Loss / Step","experiment_4 - Training Loss / Step__MIN","experiment_4 - Training Loss / Step__MAX","experiment_3 - Training Loss / Step","experiment_3 - Training Loss / Step__MIN","experiment_3 - Training Loss / Step__MAX"
"0","4.679300308227539","4.679300308227539","4.679300308227539","4.484755992889404","4.484755992889404","4.484755992889404","5.1033935546875","5.1033935546875","5.1033935546875","4.617597579956055","4.617597579956055","4.617597579956055","4.847216606140137","4.847216606140137","4.847216606140137","4.761073112487793","4.761073112487793","4.761073112487793","4.453099250793457","4.453099250793457","4.453099250793457","4.4542388916015625","4.4542388916015625","4.4542388916015625","4.601493835449219","4.601493835449219","4.601493835449219","4.699074745178223","4.699074745178223","4.699074745178223"
"6","4.88081169128418","4.88081169128418","4.88081169128418","4.6209845542907715","4.6209845542907715","4.6209845542907715","4.564576148986816","4.564576148986816","4.564576148986816","4.81749153137207","4.81749153137207","4.81749153137207","4.575789451599121","4.575789451599121","4.575789451599121","4.655895709991455","4.655895709991455","4.655895709991455","4.708930492401123","4.708930492401123","4.708930492401123","4.693508148193359","4.693508148193359","4.693508148193359","4.5837554931640625","4.5837554931640625","4.5837554931640625","4.607675552368164","4.607675552368164","4.607675552368164"
"12","4.812641143798828","4.812641143798828","4.812641143798828","4.598975658416748","4.598975658416748","4.598975658416748","4.334290504455566","4.334290504455566","4.334290504455566","4.546063423156738","4.546063423156738","4.546063423156738","4.3714189529418945","4.3714189529418945","4.3714189529418945","4.814429759979248","4.814429759979248","4.814429759979248","4.4894304275512695","4.4894304275512695","4.4894304275512695","4.567895889282227","4.567895889282227","4.567895889282227","4.511113166809082","4.511113166809082","4.511113166809082","4.633166313171387","4.633166313171387","4.633166313171387"
"18","4.437399864196777","4.437399864196777","4.437399864196777","4.2323408126831055","4.2323408126831055","4.2323408126831055","4.307859897613525","4.307859897613525","4.307859897613525","4.274853706359863","4.274853706359863","4.274853706359863","4.610882759094238","4.610882759094238","4.610882759094238","4.393301010131836","4.393301010131836","4.393301010131836","4.385107040405273","4.385107040405273","4.385107040405273","4.502215385437012","4.502215385437012","4.502215385437012","4.508404731750488","4.508404731750488","4.508404731750488","4.425337791442871","4.425337791442871","4.425337791442871"
"24","4.98760986328125","4.98760986328125","4.98760986328125","4.476548194885254","4.476548194885254","4.476548194885254","4.370023727416992","4.370023727416992","4.370023727416992","4.588012218475342","4.588012218475342","4.588012218475342","4.342182636260986","4.342182636260986","4.342182636260986","4.478400230407715","4.478400230407715","4.478400230407715","4.618608474731445","4.618608474731445","4.618608474731445","4.650716304779053","4.650716304779053","4.650716304779053","4.54266357421875","4.54266357421875","4.54266357421875","4.527966499328613","4.527966499328613","4.527966499328613"
"30","4.353910446166992","4.353910446166992","4.353910446166992","4.911043167114258","4.911043167114258","4.911043167114258","3.9461216926574707","3.9461216926574707","3.9461216926574707","4.505402565002441","4.505402565002441","4.505402565002441","4.59536600112915","4.59536600112915","4.59536600112915","4.617513656616211","4.617513656616211","4.617513656616211","4.723687648773193","4.723687648773193","4.723687648773193","4.4027204513549805","4.4027204513549805","4.4027204513549805","4.45229959487915","4.45229959487915","4.45229959487915","4.572159290313721","4.572159290313721","4.572159290313721"
"36","4.038444519042969","4.038444519042969","4.038444519042969","4.798934459686279","4.798934459686279","4.798934459686279","4.153195381164551","4.153195381164551","4.153195381164551","4.578385353088379","4.578385353088379","4.578385353088379","4.5941362380981445","4.5941362380981445","4.5941362380981445","4.495941162109375","4.495941162109375","4.495941162109375","4.197958946228027","4.197958946228027","4.197958946228027","4.131772041320801","4.131772041320801","4.131772041320801","4.31915807723999","4.31915807723999","4.31915807723999","4.16487455368042","4.16487455368042","4.16487455368042"
"42","4.337883949279785","4.337883949279785","4.337883949279785","4.760316371917725","4.760316371917725","4.760316371917725","4.138854026794434","4.138854026794434","4.138854026794434","4.046667098999023","4.046667098999023","4.046667098999023","4.45620059967041","4.45620059967041","4.45620059967041","4.168442726135254","4.168442726135254","4.168442726135254","4.859660625457764","4.859660625457764","4.859660625457764","4.432353973388672","4.432353973388672","4.432353973388672","4.237703800201416","4.237703800201416","4.237703800201416","3.944161891937256","3.944161891937256","3.944161891937256"
"48","4.191154479980469","4.191154479980469","4.191154479980469","4.123653888702393","4.123653888702393","4.123653888702393","4.35139274597168","4.35139274597168","4.35139274597168","4.046509742736816","4.046509742736816","4.046509742736816","4.462982177734375","4.462982177734375","4.462982177734375","4.369229316711426","4.369229316711426","4.369229316711426","4.491446018218994","4.491446018218994","4.491446018218994","3.887674331665039","3.887674331665039","3.887674331665039","4.146044731140137","4.146044731140137","4.146044731140137","4.349865436553955","4.349865436553955","4.349865436553955"
"54","4.104841232299805","4.104841232299805","4.104841232299805","4.531627655029297","4.531627655029297","4.531627655029297","3.98429012298584","3.98429012298584","3.98429012298584","4.264301300048828","4.264301300048828","4.264301300048828","4.658974647521973","4.658974647521973","4.658974647521973","4.25984001159668","4.25984001159668","4.25984001159668","3.875094413757324","3.875094413757324","3.875094413757324","3.747802734375","3.747802734375","3.747802734375","4.308843612670898","4.308843612670898","4.308843612670898","4.6323065757751465","4.6323065757751465","4.6323065757751465"
"60","4.032853126525879","4.032853126525879","4.032853126525879","4.15483283996582","4.15483283996582","4.15483283996582","4.370060920715332","4.370060920715332","4.370060920715332","3.6297099590301514","3.6297099590301514","3.6297099590301514","4.629057884216309","4.629057884216309","4.629057884216309","4.425146102905273","4.425146102905273","4.425146102905273","4.087002277374268","4.087002277374268","4.087002277374268","4.193390846252441","4.193390846252441","4.193390846252441","4.229203224182129","4.229203224182129","4.229203224182129","4.386049270629883","4.386049270629883","4.386049270629883"
"66","4.361125946044922","4.361125946044922","4.361125946044922","4.015803813934326","4.015803813934326","4.015803813934326","4.529012680053711","4.529012680053711","4.529012680053711","3.7532694339752197","3.7532694339752197","3.7532694339752197","4.053884983062744","4.053884983062744","4.053884983062744","4.531607627868652","4.531607627868652","4.531607627868652","3.8367600440979004","3.8367600440979004","3.8367600440979004","3.920032024383545","3.920032024383545","3.920032024383545","3.8432881832122803","3.8432881832122803","3.8432881832122803","4.0457963943481445","4.0457963943481445","4.0457963943481445"
"72","4.498088359832764","4.498088359832764","4.498088359832764","4.438535690307617","4.438535690307617","4.438535690307617","3.949946165084839","3.949946165084839","3.949946165084839","3.6300806999206543","3.6300806999206543","3.6300806999206543","3.9782254695892334","3.9782254695892334","3.9782254695892334","4.096457004547119","4.096457004547119","4.096457004547119","3.9180939197540283","3.9180939197540283","3.9180939197540283","4.2377495765686035","4.2377495765686035","4.2377495765686035","3.7298402786254883","3.7298402786254883","3.7298402786254883","4.307666301727295","4.307666301727295","4.307666301727295"
"78","3.827418088912964","3.827418088912964","3.827418088912964","4.338823318481445","4.338823318481445","4.338823318481445","4.638432502746582","4.638432502746582","4.638432502746582","4.276318073272705","4.276318073272705","4.276318073272705","4.118643760681152","4.118643760681152","4.118643760681152","3.7064075469970703","3.7064075469970703","3.7064075469970703","4.306610584259033","4.306610584259033","4.306610584259033","4.2926554679870605","4.2926554679870605","4.2926554679870605","4.54792594909668","4.54792594909668","4.54792594909668","4.344869136810303","4.344869136810303","4.344869136810303"
"84","4.1055426597595215","4.1055426597595215","4.1055426597595215","4.166271209716797","4.166271209716797","4.166271209716797","4.228404998779297","4.228404998779297","4.228404998779297","4.114535331726074","4.114535331726074","4.114535331726074","4.050079345703125","4.050079345703125","4.050079345703125","4.069214820861816","4.069214820861816","4.069214820861816","4.052798271179199","4.052798271179199","4.052798271179199","3.660750389099121","3.660750389099121","3.660750389099121","3.677555561065674","3.677555561065674","3.677555561065674","4.401035785675049","4.401035785675049","4.401035785675049"
"90","4.389004230499268","4.389004230499268","4.389004230499268","4.308073997497559","4.308073997497559","4.308073997497559","3.574183225631714","3.574183225631714","3.574183225631714","3.884756565093994","3.884756565093994","3.884756565093994","4.2551374435424805","4.2551374435424805","4.2551374435424805","3.9861888885498047","3.9861888885498047","3.9861888885498047","4.512964725494385","4.512964725494385","4.512964725494385","4.158490180969238","4.158490180969238","4.158490180969238","4.336973667144775","4.336973667144775","4.336973667144775","4.305182456970215","4.305182456970215","4.305182456970215"
"96","4.416162967681885","4.416162967681885","4.416162967681885","3.410642623901367","3.410642623901367","3.410642623901367","3.820955991744995","3.820955991744995","3.820955991744995","3.6175122261047363","3.6175122261047363","3.6175122261047363","4.228862762451172","4.228862762451172","4.228862762451172","4.314231872558594","4.314231872558594","4.314231872558594","4.0880842208862305","4.0880842208862305","4.0880842208862305","3.441439628601074","3.441439628601074","3.441439628601074","3.9983785152435303","3.9983785152435303","3.9983785152435303","3.802361249923706","3.802361249923706","3.802361249923706"
"102","4.47334098815918","4.47334098815918","4.47334098815918","4.075830459594727","4.075830459594727","4.075830459594727","4.249668121337891","4.249668121337891","4.249668121337891","4.240701675415039","4.240701675415039","4.240701675415039","4.130034446716309","4.130034446716309","4.130034446716309","4.408825874328613","4.408825874328613","4.408825874328613","4.275458335876465","4.275458335876465","4.275458335876465","3.784597635269165","3.784597635269165","3.784597635269165","4.220021724700928","4.220021724700928","4.220021724700928","4.2754316329956055","4.2754316329956055","4.2754316329956055"
"108","4.578929901123047","4.578929901123047","4.578929901123047","4.097192764282227","4.097192764282227","4.097192764282227","4.643333435058594","4.643333435058594","4.643333435058594","3.542844772338867","3.542844772338867","3.542844772338867","4.056528568267822","4.056528568267822","4.056528568267822","3.970388412475586","3.970388412475586","3.970388412475586","4.422751426696777","4.422751426696777","4.422751426696777","4.306817054748535","4.306817054748535","4.306817054748535","4.0797810554504395","4.0797810554504395","4.0797810554504395","4.398056983947754","4.398056983947754","4.398056983947754"
"114","3.677375078201294","3.677375078201294","3.677375078201294","4.18686056137085","4.18686056137085","4.18686056137085","3.5128369331359863","3.5128369331359863","3.5128369331359863","3.7997829914093018","3.7997829914093018","3.7997829914093018","4.3191022872924805","4.3191022872924805","4.3191022872924805","4.0443010330200195","4.0443010330200195","4.0443010330200195","3.8485164642333984","3.8485164642333984","3.8485164642333984","3.6622867584228516","3.6622867584228516","3.6622867584228516","3.989098072052002","3.989098072052002","3.989098072052002","4.224470138549805","4.224470138549805","4.224470138549805"
"120","4.109653472900391","4.109653472900391","4.109653472900391","4.351554870605469","4.351554870605469","4.351554870605469","4.176021099090576","4.176021099090576","4.176021099090576","4.048488616943359","4.048488616943359","4.048488616943359","4.14253568649292","4.14253568649292","4.14253568649292","4.023991584777832","4.023991584777832","4.023991584777832","4.016643524169922","4.016643524169922","4.016643524169922","4.240671157836914","4.240671157836914","4.240671157836914","3.7623538970947266","3.7623538970947266","3.7623538970947266","4.5089569091796875","4.5089569091796875","4.5089569091796875"
"126","4.1834001541137695","4.1834001541137695","4.1834001541137695","4.058669090270996","4.058669090270996","4.058669090270996","4.316522598266602","4.316522598266602","4.316522598266602","4.456219673156738","4.456219673156738","4.456219673156738","4.097357749938965","4.097357749938965","4.097357749938965","3.9804983139038086","3.9804983139038086","3.9804983139038086","3.9477035999298096","3.9477035999298096","3.9477035999298096","3.891964912414551","3.891964912414551","3.891964912414551","4.021010875701904","4.021010875701904","4.021010875701904","3.6960949897766113","3.6960949897766113","3.6960949897766113"
"132","3.686306953430176","3.686306953430176","3.686306953430176","3.9509963989257812","3.9509963989257812","3.9509963989257812","3.444042682647705","3.444042682647705","3.444042682647705","3.483379364013672","3.483379364013672","3.483379364013672","3.784651041030884","3.784651041030884","3.784651041030884","3.6761889457702637","3.6761889457702637","3.6761889457702637","3.611631155014038","3.611631155014038","3.611631155014038","3.487569808959961","3.487569808959961","3.487569808959961","3.563554048538208","3.563554048538208","3.563554048538208","4.092483997344971","4.092483997344971","4.092483997344971"
"138","3.818387985229492","3.818387985229492","3.818387985229492","4.146329879760742","4.146329879760742","4.146329879760742","3.7291014194488525","3.7291014194488525","3.7291014194488525","4.021720886230469","4.021720886230469","4.021720886230469","4.064846992492676","4.064846992492676","4.064846992492676","4.208588600158691","4.208588600158691","4.208588600158691","3.916930675506592","3.916930675506592","3.916930675506592","3.7467665672302246","3.7467665672302246","3.7467665672302246","4.434289932250977","4.434289932250977","4.434289932250977","3.964510917663574","3.964510917663574","3.964510917663574"
"144","4.079762935638428","4.079762935638428","4.079762935638428","3.8210911750793457","3.8210911750793457","3.8210911750793457","3.7986390590667725","3.7986390590667725","3.7986390590667725","3.4688596725463867","3.4688596725463867","3.4688596725463867","3.457550525665283","3.457550525665283","3.457550525665283","3.4361164569854736","3.4361164569854736","3.4361164569854736","4.618904113769531","4.618904113769531","4.618904113769531","3.8064186573028564","3.8064186573028564","3.8064186573028564","3.87740421295166","3.87740421295166","3.87740421295166","4.724024772644043","4.724024772644043","4.724024772644043"
"150","4.43440580368042","4.43440580368042","4.43440580368042","3.8939499855041504","3.8939499855041504","3.8939499855041504","3.274090051651001","3.274090051651001","3.274090051651001","4.010443210601807","4.010443210601807","4.010443210601807","2.8898465633392334","2.8898465633392334","2.8898465633392334","4.272084712982178","4.272084712982178","4.272084712982178","3.76712703704834","3.76712703704834","3.76712703704834","3.908071994781494","3.908071994781494","3.908071994781494","3.6845827102661133","3.6845827102661133","3.6845827102661133","4.198115348815918","4.198115348815918","4.198115348815918"
"156","3.7688488960266113","3.7688488960266113","3.7688488960266113","3.433553695678711","3.433553695678711","3.433553695678711","3.601027011871338","3.601027011871338","3.601027011871338","4.013629913330078","4.013629913330078","4.013629913330078","3.965048313140869","3.965048313140869","3.965048313140869","3.953618288040161","3.953618288040161","3.953618288040161","3.281088352203369","3.281088352203369","3.281088352203369","4.034090518951416","4.034090518951416","4.034090518951416","4.031526565551758","4.031526565551758","4.031526565551758","3.9095754623413086","3.9095754623413086","3.9095754623413086"
"162","4.04498815536499","4.04498815536499","4.04498815536499","3.9253649711608887","3.9253649711608887","3.9253649711608887","3.174015522003174","3.174015522003174","3.174015522003174","3.4452309608459473","3.4452309608459473","3.4452309608459473","3.8668651580810547","3.8668651580810547","3.8668651580810547","3.7279863357543945","3.7279863357543945","3.7279863357543945","3.8944876194000244","3.8944876194000244","3.8944876194000244","3.78233003616333","3.78233003616333","3.78233003616333","4.376701354980469","4.376701354980469","4.376701354980469","4.229434013366699","4.229434013366699","4.229434013366699"
"168","4.016864776611328","4.016864776611328","4.016864776611328","3.5541791915893555","3.5541791915893555","3.5541791915893555","3.7942399978637695","3.7942399978637695","3.7942399978637695","3.5043106079101562","3.5043106079101562","3.5043106079101562","3.6988635063171387","3.6988635063171387","3.6988635063171387","4.583101272583008","4.583101272583008","4.583101272583008","3.519505739212036","3.519505739212036","3.519505739212036","3.7075443267822266","3.7075443267822266","3.7075443267822266","3.149874687194824","3.149874687194824","3.149874687194824","3.5802297592163086","3.5802297592163086","3.5802297592163086"
"174","3.5975289344787598","3.5975289344787598","3.5975289344787598","3.7885193824768066","3.7885193824768066","3.7885193824768066","4.047096252441406","4.047096252441406","4.047096252441406","3.550304412841797","3.550304412841797","3.550304412841797","3.5075464248657227","3.5075464248657227","3.5075464248657227","4.500693321228027","4.500693321228027","4.500693321228027","3.784428119659424","3.784428119659424","3.784428119659424","3.3675711154937744","3.3675711154937744","3.3675711154937744","3.7334983348846436","3.7334983348846436","3.7334983348846436","3.79951810836792","3.79951810836792","3.79951810836792"
"180","3.9296140670776367","3.9296140670776367","3.9296140670776367","3.683443546295166","3.683443546295166","3.683443546295166","3.1505870819091797","3.1505870819091797","3.1505870819091797","4.000543594360352","4.000543594360352","4.000543594360352","3.533735752105713","3.533735752105713","3.533735752105713","3.9831809997558594","3.9831809997558594","3.9831809997558594","3.422184467315674","3.422184467315674","3.422184467315674","4.176934242248535","4.176934242248535","4.176934242248535","3.901704788208008","3.901704788208008","3.901704788208008","3.0936834812164307","3.0936834812164307","3.0936834812164307"
"186","4.098557472229004","4.098557472229004","4.098557472229004","3.798745632171631","3.798745632171631","3.798745632171631","3.5403170585632324","3.5403170585632324","3.5403170585632324","3.739614725112915","3.739614725112915","3.739614725112915","3.477250337600708","3.477250337600708","3.477250337600708","4.225728988647461","4.225728988647461","4.225728988647461","3.620572090148926","3.620572090148926","3.620572090148926","3.861651659011841","3.861651659011841","3.861651659011841","3.7031798362731934","3.7031798362731934","3.7031798362731934","3.813335657119751","3.813335657119751","3.813335657119751"
"192","3.992262840270996","3.992262840270996","3.992262840270996","3.893895149230957","3.893895149230957","3.893895149230957","4.187327861785889","4.187327861785889","4.187327861785889","4.152652740478516","4.152652740478516","4.152652740478516","4.149371147155762","4.149371147155762","4.149371147155762","3.412989377975464","3.412989377975464","3.412989377975464","3.2076501846313477","3.2076501846313477","3.2076501846313477","3.322955369949341","3.322955369949341","3.322955369949341","4.1212005615234375","4.1212005615234375","4.1212005615234375","3.691133975982666","3.691133975982666","3.691133975982666"
"198","3.8390045166015625","3.8390045166015625","3.8390045166015625","4.11104679107666","4.11104679107666","4.11104679107666","4.042270660400391","4.042270660400391","4.042270660400391","3.876746654510498","3.876746654510498","3.876746654510498","2.8143811225891113","2.8143811225891113","2.8143811225891113","3.4745378494262695","3.4745378494262695","3.4745378494262695","3.653055429458618","3.653055429458618","3.653055429458618","3.9252266883850098","3.9252266883850098","3.9252266883850098","3.822910785675049","3.822910785675049","3.822910785675049","4.275357723236084","4.275357723236084","4.275357723236084"
"204","2.854732036590576","2.854732036590576","2.854732036590576","4.221271514892578","4.221271514892578","4.221271514892578","4.191349983215332","4.191349983215332","4.191349983215332","3.958789348602295","3.958789348602295","3.958789348602295","3.9666919708251953","3.9666919708251953","3.9666919708251953","3.173069477081299","3.173069477081299","3.173069477081299","4.366317272186279","4.366317272186279","4.366317272186279","3.9568779468536377","3.9568779468536377","3.9568779468536377","3.9376461505889893","3.9376461505889893","3.9376461505889893","3.976933002471924","3.976933002471924","3.976933002471924"
"210","2.8127083778381348","2.8127083778381348","2.8127083778381348","3.8504977226257324","3.8504977226257324","3.8504977226257324","4.308248519897461","4.308248519897461","4.308248519897461","3.747041702270508","3.747041702270508","3.747041702270508","3.581360101699829","3.581360101699829","3.581360101699829","3.587643623352051","3.587643623352051","3.587643623352051","3.719061851501465","3.719061851501465","3.719061851501465","3.572449207305908","3.572449207305908","3.572449207305908","3.362964153289795","3.362964153289795","3.362964153289795","4.002891540527344","4.002891540527344","4.002891540527344"
"216","3.5070159435272217","3.5070159435272217","3.5070159435272217","4.073963165283203","4.073963165283203","4.073963165283203","3.2193570137023926","3.2193570137023926","3.2193570137023926","2.9751949310302734","2.9751949310302734","2.9751949310302734","3.456638813018799","3.456638813018799","3.456638813018799","3.034341335296631","3.034341335296631","3.034341335296631","3.7306904792785645","3.7306904792785645","3.7306904792785645","3.788261890411377","3.788261890411377","3.788261890411377","3.5057623386383057","3.5057623386383057","3.5057623386383057","3.9391353130340576","3.9391353130340576","3.9391353130340576"
"222","4.274466514587402","4.274466514587402","4.274466514587402","3.87325382232666","3.87325382232666","3.87325382232666","3.912405490875244","3.912405490875244","3.912405490875244","3.5617177486419678","3.5617177486419678","3.5617177486419678","3.8336000442504883","3.8336000442504883","3.8336000442504883","3.8947882652282715","3.8947882652282715","3.8947882652282715","3.805696487426758","3.805696487426758","3.805696487426758","3.8305912017822266","3.8305912017822266","3.8305912017822266","3.9612410068511963","3.9612410068511963","3.9612410068511963","4.069847583770752","4.069847583770752","4.069847583770752"
"228","3.671924114227295","3.671924114227295","3.671924114227295","3.679443836212158","3.679443836212158","3.679443836212158","3.701589345932007","3.701589345932007","3.701589345932007","3.1079421043395996","3.1079421043395996","3.1079421043395996","3.9853298664093018","3.9853298664093018","3.9853298664093018","3.2070155143737793","3.2070155143737793","3.2070155143737793","4.318490982055664","4.318490982055664","4.318490982055664","3.4544742107391357","3.4544742107391357","3.4544742107391357","3.614539384841919","3.614539384841919","3.614539384841919","4.066384315490723","4.066384315490723","4.066384315490723"
"234","3.521028518676758","3.521028518676758","3.521028518676758","3.6801998615264893","3.6801998615264893","3.6801998615264893","3.796050548553467","3.796050548553467","3.796050548553467","3.847343921661377","3.847343921661377","3.847343921661377","4.521222114562988","4.521222114562988","4.521222114562988","3.8780031204223633","3.8780031204223633","3.8780031204223633","3.1241841316223145","3.1241841316223145","3.1241841316223145","3.001894474029541","3.001894474029541","3.001894474029541","3.7122092247009277","3.7122092247009277","3.7122092247009277","3.8482322692871094","3.8482322692871094","3.8482322692871094"
"240","3.8268070220947266","3.8268070220947266","3.8268070220947266","3.3372185230255127","3.3372185230255127","3.3372185230255127","3.587553024291992","3.587553024291992","3.587553024291992","2.935354232788086","2.935354232788086","2.935354232788086","4.0437541007995605","4.0437541007995605","4.0437541007995605","3.5705208778381348","3.5705208778381348","3.5705208778381348","3.5031566619873047","3.5031566619873047","3.5031566619873047","3.2302238941192627","3.2302238941192627","3.2302238941192627","3.7849555015563965","3.7849555015563965","3.7849555015563965","3.423314094543457","3.423314094543457","3.423314094543457"
"246","3.3342199325561523","3.3342199325561523","3.3342199325561523","3.3967065811157227","3.3967065811157227","3.3967065811157227","3.566218376159668","3.566218376159668","3.566218376159668","3.729811191558838","3.729811191558838","3.729811191558838","3.3071720600128174","3.3071720600128174","3.3071720600128174","3.329648494720459","3.329648494720459","3.329648494720459","4.2560319900512695","4.2560319900512695","4.2560319900512695","3.671701669692993","3.671701669692993","3.671701669692993","3.57397723197937","3.57397723197937","3.57397723197937","3.3765952587127686","3.3765952587127686","3.3765952587127686"
"252","3.819991111755371","3.819991111755371","3.819991111755371","3.279069423675537","3.279069423675537","3.279069423675537","4.128927230834961","4.128927230834961","4.128927230834961","3.550807237625122","3.550807237625122","3.550807237625122","4.009138107299805","4.009138107299805","4.009138107299805","3.3313310146331787","3.3313310146331787","3.3313310146331787","3.5621347427368164","3.5621347427368164","3.5621347427368164","3.5579159259796143","3.5579159259796143","3.5579159259796143","3.3703339099884033","3.3703339099884033","3.3703339099884033","3.620457649230957","3.620457649230957","3.620457649230957"
"258","4.06433629989624","4.06433629989624","4.06433629989624","3.2730422019958496","3.2730422019958496","3.2730422019958496","3.4218640327453613","3.4218640327453613","3.4218640327453613","3.911977529525757","3.911977529525757","3.911977529525757","3.337768793106079","3.337768793106079","3.337768793106079","2.556699275970459","2.556699275970459","2.556699275970459","3.1123900413513184","3.1123900413513184","3.1123900413513184","3.8104400634765625","3.8104400634765625","3.8104400634765625","3.001213312149048","3.001213312149048","3.001213312149048","3.880079746246338","3.880079746246338","3.880079746246338"
"264","3.4129958152770996","3.4129958152770996","3.4129958152770996","3.4350485801696777","3.4350485801696777","3.4350485801696777","3.3854470252990723","3.3854470252990723","3.3854470252990723","4.351588726043701","4.351588726043701","4.351588726043701","3.896341323852539","3.896341323852539","3.896341323852539","2.752213478088379","2.752213478088379","2.752213478088379","3.2103381156921387","3.2103381156921387","3.2103381156921387","3.982358455657959","3.982358455657959","3.982358455657959","3.0882246494293213","3.0882246494293213","3.0882246494293213","4.086043834686279","4.086043834686279","4.086043834686279"
"270","3.560516834259033","3.560516834259033","3.560516834259033","3.3636302947998047","3.3636302947998047","3.3636302947998047","3.7468671798706055","3.7468671798706055","3.7468671798706055","3.3873324394226074","3.3873324394226074","3.3873324394226074","3.758389472961426","3.758389472961426","3.758389472961426","3.368764638900757","3.368764638900757","3.368764638900757","3.5210556983947754","3.5210556983947754","3.5210556983947754","2.508164644241333","2.508164644241333","2.508164644241333","3.7703847885131836","3.7703847885131836","3.7703847885131836","3.651690721511841","3.651690721511841","3.651690721511841"
"276","3.0908854007720947","3.0908854007720947","3.0908854007720947","3.953164577484131","3.953164577484131","3.953164577484131","3.6134538650512695","3.6134538650512695","3.6134538650512695","3.9990031719207764","3.9990031719207764","3.9990031719207764","4.1312360763549805","4.1312360763549805","4.1312360763549805","3.608323097229004","3.608323097229004","3.608323097229004","3.172435760498047","3.172435760498047","3.172435760498047","3.5379767417907715","3.5379767417907715","3.5379767417907715","3.8365325927734375","3.8365325927734375","3.8365325927734375","3.6761951446533203","3.6761951446533203","3.6761951446533203"
"282","3.0249948501586914","3.0249948501586914","3.0249948501586914","3.968242883682251","3.968242883682251","3.968242883682251","3.364830493927002","3.364830493927002","3.364830493927002","2.8142385482788086","2.8142385482788086","2.8142385482788086","3.559178590774536","3.559178590774536","3.559178590774536","3.6890792846679688","3.6890792846679688","3.6890792846679688","3.6675753593444824","3.6675753593444824","3.6675753593444824","3.337110996246338","3.337110996246338","3.337110996246338","3.77341628074646","3.77341628074646","3.77341628074646","3.7432193756103516","3.7432193756103516","3.7432193756103516"
"288","3.501138925552368","3.501138925552368","3.501138925552368","4.217438697814941","4.217438697814941","4.217438697814941","3.253584384918213","3.253584384918213","3.253584384918213","3.849574089050293","3.849574089050293","3.849574089050293","3.8533506393432617","3.8533506393432617","3.8533506393432617","3.802854061126709","3.802854061126709","3.802854061126709","3.362454891204834","3.362454891204834","3.362454891204834","3.6436476707458496","3.6436476707458496","3.6436476707458496","3.1695940494537354","3.1695940494537354","3.1695940494537354","3.8741323947906494","3.8741323947906494","3.8741323947906494"
"294","4.092166900634766","4.092166900634766","4.092166900634766","3.8530240058898926","3.8530240058898926","3.8530240058898926","3.127582550048828","3.127582550048828","3.127582550048828","2.9287819862365723","2.9287819862365723","2.9287819862365723","3.318246364593506","3.318246364593506","3.318246364593506","3.853714942932129","3.853714942932129","3.853714942932129","3.2593116760253906","3.2593116760253906","3.2593116760253906","3.1021149158477783","3.1021149158477783","3.1021149158477783","3.1567859649658203","3.1567859649658203","3.1567859649658203","3.5904102325439453","3.5904102325439453","3.5904102325439453"
"300","3.4531307220458984","3.4531307220458984","3.4531307220458984","3.375826358795166","3.375826358795166","3.375826358795166","3.161653518676758","3.161653518676758","3.161653518676758","3.0258517265319824","3.0258517265319824","3.0258517265319824","3.525503635406494","3.525503635406494","3.525503635406494","3.2206339836120605","3.2206339836120605","3.2206339836120605","3.7894771099090576","3.7894771099090576","3.7894771099090576","3.343740463256836","3.343740463256836","3.343740463256836","4.093508243560791","4.093508243560791","4.093508243560791","4.084358215332031","4.084358215332031","4.084358215332031"
"306","3.2026631832122803","3.2026631832122803","3.2026631832122803","4.104762554168701","4.104762554168701","4.104762554168701","3.56058931350708","3.56058931350708","3.56058931350708","3.3281071186065674","3.3281071186065674","3.3281071186065674","3.958386182785034","3.958386182785034","3.958386182785034","3.578120708465576","3.578120708465576","3.578120708465576","3.7126364707946777","3.7126364707946777","3.7126364707946777","2.9903759956359863","2.9903759956359863","2.9903759956359863","3.8859059810638428","3.8859059810638428","3.8859059810638428","3.6599135398864746","3.6599135398864746","3.6599135398864746"
"312","3.712928056716919","3.712928056716919","3.712928056716919","3.4811391830444336","3.4811391830444336","3.4811391830444336","3.57639217376709","3.57639217376709","3.57639217376709","3.835104465484619","3.835104465484619","3.835104465484619","4.366657257080078","4.366657257080078","4.366657257080078","4.033090591430664","4.033090591430664","4.033090591430664","3.5768585205078125","3.5768585205078125","3.5768585205078125","4.319159507751465","4.319159507751465","4.319159507751465","3.21360445022583","3.21360445022583","3.21360445022583","3.990960121154785","3.990960121154785","3.990960121154785"
"318","3.219538450241089","3.219538450241089","3.219538450241089","3.9142332077026367","3.9142332077026367","3.9142332077026367","3.334545612335205","3.334545612335205","3.334545612335205","3.4085898399353027","3.4085898399353027","3.4085898399353027","3.2661352157592773","3.2661352157592773","3.2661352157592773","3.379721164703369","3.379721164703369","3.379721164703369","3.5546207427978516","3.5546207427978516","3.5546207427978516","3.403110980987549","3.403110980987549","3.403110980987549","3.2986316680908203","3.2986316680908203","3.2986316680908203","3.601912260055542","3.601912260055542","3.601912260055542"
"324","2.900434970855713","2.900434970855713","2.900434970855713","3.3232598304748535","3.3232598304748535","3.3232598304748535","3.4135403633117676","3.4135403633117676","3.4135403633117676","2.923694372177124","2.923694372177124","2.923694372177124","3.666447401046753","3.666447401046753","3.666447401046753","3.287301540374756","3.287301540374756","3.287301540374756","3.033404588699341","3.033404588699341","3.033404588699341","4.209006309509277","4.209006309509277","4.209006309509277","3.239171266555786","3.239171266555786","3.239171266555786","4.31590461730957","4.31590461730957","4.31590461730957"
"330","3.0791015625","3.0791015625","3.0791015625","3.442890167236328","3.442890167236328","3.442890167236328","3.9370713233947754","3.9370713233947754","3.9370713233947754","3.434873104095459","3.434873104095459","3.434873104095459","3.5146822929382324","3.5146822929382324","3.5146822929382324","3.982898712158203","3.982898712158203","3.982898712158203","2.9165592193603516","2.9165592193603516","2.9165592193603516","3.3814444541931152","3.3814444541931152","3.3814444541931152","3.524016857147217","3.524016857147217","3.524016857147217","3.1802725791931152","3.1802725791931152","3.1802725791931152"
"336","3.0325698852539062","3.0325698852539062","3.0325698852539062","3.727977752685547","3.727977752685547","3.727977752685547","3.2732386589050293","3.2732386589050293","3.2732386589050293","3.6663951873779297","3.6663951873779297","3.6663951873779297","3.9305548667907715","3.9305548667907715","3.9305548667907715","3.4666476249694824","3.4666476249694824","3.4666476249694824","2.646876811981201","2.646876811981201","2.646876811981201","3.4153690338134766","3.4153690338134766","3.4153690338134766","4.250585556030273","4.250585556030273","4.250585556030273","3.9572887420654297","3.9572887420654297","3.9572887420654297"
"342","3.2107841968536377","3.2107841968536377","3.2107841968536377","3.1449997425079346","3.1449997425079346","3.1449997425079346","3.3210701942443848","3.3210701942443848","3.3210701942443848","3.571704387664795","3.571704387664795","3.571704387664795","3.7164201736450195","3.7164201736450195","3.7164201736450195","3.8115854263305664","3.8115854263305664","3.8115854263305664","3.320482015609741","3.320482015609741","3.320482015609741","3.854578971862793","3.854578971862793","3.854578971862793","3.7581048011779785","3.7581048011779785","3.7581048011779785","3.4200220108032227","3.4200220108032227","3.4200220108032227"
"348","3.250960350036621","3.250960350036621","3.250960350036621","3.777195453643799","3.777195453643799","3.777195453643799","3.6432626247406006","3.6432626247406006","3.6432626247406006","3.8082966804504395","3.8082966804504395","3.8082966804504395","3.376147747039795","3.376147747039795","3.376147747039795","3.386073112487793","3.386073112487793","3.386073112487793","3.765151023864746","3.765151023864746","3.765151023864746","3.6758599281311035","3.6758599281311035","3.6758599281311035","3.5479750633239746","3.5479750633239746","3.5479750633239746","3.138336181640625","3.138336181640625","3.138336181640625"
"354","3.039919137954712","3.039919137954712","3.039919137954712","3.6696739196777344","3.6696739196777344","3.6696739196777344","3.4603586196899414","3.4603586196899414","3.4603586196899414","4.015488624572754","4.015488624572754","4.015488624572754","3.623643398284912","3.623643398284912","3.623643398284912","3.9692282676696777","3.9692282676696777","3.9692282676696777","3.6291213035583496","3.6291213035583496","3.6291213035583496","3.4318881034851074","3.4318881034851074","3.4318881034851074","3.416970729827881","3.416970729827881","3.416970729827881","3.6169815063476562","3.6169815063476562","3.6169815063476562"
"360","3.5298871994018555","3.5298871994018555","3.5298871994018555","3.678508996963501","3.678508996963501","3.678508996963501","3.229982852935791","3.229982852935791","3.229982852935791","3.6983823776245117","3.6983823776245117","3.6983823776245117","3.761240005493164","3.761240005493164","3.761240005493164","2.5149707794189453","2.5149707794189453","2.5149707794189453","4.157678604125977","4.157678604125977","4.157678604125977","3.478539228439331","3.478539228439331","3.478539228439331","4.004635810852051","4.004635810852051","4.004635810852051","3.446448564529419","3.446448564529419","3.446448564529419"
"366","3.4644503593444824","3.4644503593444824","3.4644503593444824","3.753016233444214","3.753016233444214","3.753016233444214","3.469247341156006","3.469247341156006","3.469247341156006","3.3623480796813965","3.3623480796813965","3.3623480796813965","4.498266220092773","4.498266220092773","4.498266220092773","3.6188721656799316","3.6188721656799316","3.6188721656799316","4.068143844604492","4.068143844604492","4.068143844604492","3.3533058166503906","3.3533058166503906","3.3533058166503906","3.4738292694091797","3.4738292694091797","3.4738292694091797","4.1114912033081055","4.1114912033081055","4.1114912033081055"
"372","3.8146772384643555","3.8146772384643555","3.8146772384643555","3.3579492568969727","3.3579492568969727","3.3579492568969727","3.7306485176086426","3.7306485176086426","3.7306485176086426","3.726229190826416","3.726229190826416","3.726229190826416","3.356778860092163","3.356778860092163","3.356778860092163","3.241722822189331","3.241722822189331","3.241722822189331","2.7900047302246094","2.7900047302246094","2.7900047302246094","3.844085454940796","3.844085454940796","3.844085454940796","3.2605807781219482","3.2605807781219482","3.2605807781219482","3.865903854370117","3.865903854370117","3.865903854370117"
"378","4.632771015167236","4.632771015167236","4.632771015167236","3.296454906463623","3.296454906463623","3.296454906463623","3.3072147369384766","3.3072147369384766","3.3072147369384766","3.4573616981506348","3.4573616981506348","3.4573616981506348","3.435271739959717","3.435271739959717","3.435271739959717","3.7264747619628906","3.7264747619628906","3.7264747619628906","3.9890594482421875","3.9890594482421875","3.9890594482421875","3.491117000579834","3.491117000579834","3.491117000579834","3.274216651916504","3.274216651916504","3.274216651916504","3.450251579284668","3.450251579284668","3.450251579284668"
"384","3.470036506652832","3.470036506652832","3.470036506652832","2.739068031311035","2.739068031311035","2.739068031311035","3.8253259658813477","3.8253259658813477","3.8253259658813477","3.6088175773620605","3.6088175773620605","3.6088175773620605","3.011420726776123","3.011420726776123","3.011420726776123","4.020621299743652","4.020621299743652","4.020621299743652","3.36566162109375","3.36566162109375","3.36566162109375","3.1888020038604736","3.1888020038604736","3.1888020038604736","3.0514955520629883","3.0514955520629883","3.0514955520629883","3.56815505027771","3.56815505027771","3.56815505027771"
"390","3.5321011543273926","3.5321011543273926","3.5321011543273926","4.128537654876709","4.128537654876709","4.128537654876709","3.8008952140808105","3.8008952140808105","3.8008952140808105","3.4244794845581055","3.4244794845581055","3.4244794845581055","3.292050838470459","3.292050838470459","3.292050838470459","2.8322620391845703","2.8322620391845703","2.8322620391845703","3.6837074756622314","3.6837074756622314","3.6837074756622314","3.9759230613708496","3.9759230613708496","3.9759230613708496","4.181886196136475","4.181886196136475","4.181886196136475","3.309330940246582","3.309330940246582","3.309330940246582"
"396","3.0301878452301025","3.0301878452301025","3.0301878452301025","3.571078300476074","3.571078300476074","3.571078300476074","3.158116102218628","3.158116102218628","3.158116102218628","3.434863805770874","3.434863805770874","3.434863805770874","3.1280274391174316","3.1280274391174316","3.1280274391174316","3.097208023071289","3.097208023071289","3.097208023071289","4.154789924621582","4.154789924621582","4.154789924621582","3.0655291080474854","3.0655291080474854","3.0655291080474854","3.9452524185180664","3.9452524185180664","3.9452524185180664","3.0996336936950684","3.0996336936950684","3.0996336936950684"
"402","2.4694161415100098","2.4694161415100098","2.4694161415100098","3.4546985626220703","3.4546985626220703","3.4546985626220703","3.669065475463867","3.669065475463867","3.669065475463867","4.263859272003174","4.263859272003174","4.263859272003174","3.2014808654785156","3.2014808654785156","3.2014808654785156","2.8479437828063965","2.8479437828063965","2.8479437828063965","2.936815023422241","2.936815023422241","2.936815023422241","3.16176176071167","3.16176176071167","3.16176176071167","3.2931594848632812","3.2931594848632812","3.2931594848632812","3.0361788272857666","3.0361788272857666","3.0361788272857666"
"408","3.0027384757995605","3.0027384757995605","3.0027384757995605","3.4317867755889893","3.4317867755889893","3.4317867755889893","3.4797258377075195","3.4797258377075195","3.4797258377075195","3.861668109893799","3.861668109893799","3.861668109893799","3.665320634841919","3.665320634841919","3.665320634841919","2.781402587890625","2.781402587890625","2.781402587890625","3.3307995796203613","3.3307995796203613","3.3307995796203613","3.2105748653411865","3.2105748653411865","3.2105748653411865","3.547621488571167","3.547621488571167","3.547621488571167","3.5208427906036377","3.5208427906036377","3.5208427906036377"
"414","3.3084845542907715","3.3084845542907715","3.3084845542907715","3.502098560333252","3.502098560333252","3.502098560333252","4.001592636108398","4.001592636108398","4.001592636108398","3.668154239654541","3.668154239654541","3.668154239654541","3.3124818801879883","3.3124818801879883","3.3124818801879883","3.273209571838379","3.273209571838379","3.273209571838379","3.864734411239624","3.864734411239624","3.864734411239624","3.6326637268066406","3.6326637268066406","3.6326637268066406","3.5769033432006836","3.5769033432006836","3.5769033432006836","3.306875705718994","3.306875705718994","3.306875705718994"
"420","3.773970127105713","3.773970127105713","3.773970127105713","3.36771297454834","3.36771297454834","3.36771297454834","3.070957660675049","3.070957660675049","3.070957660675049","3.1761748790740967","3.1761748790740967","3.1761748790740967","3.9348254203796387","3.9348254203796387","3.9348254203796387","3.7070183753967285","3.7070183753967285","3.7070183753967285","2.817751407623291","2.817751407623291","2.817751407623291","3.5693130493164062","3.5693130493164062","3.5693130493164062","3.202273368835449","3.202273368835449","3.202273368835449","3.546504020690918","3.546504020690918","3.546504020690918"
"426","4.1693115234375","4.1693115234375","4.1693115234375","3.469499349594116","3.469499349594116","3.469499349594116","3.5587315559387207","3.5587315559387207","3.5587315559387207","2.6706576347351074","2.6706576347351074","2.6706576347351074","3.4223368167877197","3.4223368167877197","3.4223368167877197","3.226930618286133","3.226930618286133","3.226930618286133","3.355055570602417","3.355055570602417","3.355055570602417","3.194150924682617","3.194150924682617","3.194150924682617","3.200026512145996","3.200026512145996","3.200026512145996","3.5261073112487793","3.5261073112487793","3.5261073112487793"
"432","3.292142868041992","3.292142868041992","3.292142868041992","3.1914491653442383","3.1914491653442383","3.1914491653442383","3.2667808532714844","3.2667808532714844","3.2667808532714844","3.351335048675537","3.351335048675537","3.351335048675537","2.4420151710510254","2.4420151710510254","2.4420151710510254","1.9356460571289062","1.9356460571289062","1.9356460571289062","3.0499143600463867","3.0499143600463867","3.0499143600463867","3.6009418964385986","3.6009418964385986","3.6009418964385986","3.5636677742004395","3.5636677742004395","3.5636677742004395","3.222111225128174","3.222111225128174","3.222111225128174"
"438","3.4842965602874756","3.4842965602874756","3.4842965602874756","3.7278757095336914","3.7278757095336914","3.7278757095336914","3.190427303314209","3.190427303314209","3.190427303314209","3.2947676181793213","3.2947676181793213","3.2947676181793213","3.490220785140991","3.490220785140991","3.490220785140991","3.5773754119873047","3.5773754119873047","3.5773754119873047","3.5493974685668945","3.5493974685668945","3.5493974685668945","3.313795804977417","3.313795804977417","3.313795804977417","3.198420763015747","3.198420763015747","3.198420763015747","2.872217893600464","2.872217893600464","2.872217893600464"
"444","3.6150386333465576","3.6150386333465576","3.6150386333465576","3.524840831756592","3.524840831756592","3.524840831756592","3.4149117469787598","3.4149117469787598","3.4149117469787598","3.338982582092285","3.338982582092285","3.338982582092285","3.363022565841675","3.363022565841675","3.363022565841675","3.5941269397735596","3.5941269397735596","3.5941269397735596","3.2497451305389404","3.2497451305389404","3.2497451305389404","3.192448854446411","3.192448854446411","3.192448854446411","3.4556727409362793","3.4556727409362793","3.4556727409362793","3.053718328475952","3.053718328475952","3.053718328475952"
"450","3.1577043533325195","3.1577043533325195","3.1577043533325195","3.466672420501709","3.466672420501709","3.466672420501709","3.436471939086914","3.436471939086914","3.436471939086914","3.64913272857666","3.64913272857666","3.64913272857666","3.048682928085327","3.048682928085327","3.048682928085327","3.0792150497436523","3.0792150497436523","3.0792150497436523","3.765686511993408","3.765686511993408","3.765686511993408","3.2636196613311768","3.2636196613311768","3.2636196613311768","3.350635528564453","3.350635528564453","3.350635528564453","3.7555370330810547","3.7555370330810547","3.7555370330810547"
"456","3.100294589996338","3.100294589996338","3.100294589996338","3.1277382373809814","3.1277382373809814","3.1277382373809814","3.37239933013916","3.37239933013916","3.37239933013916","3.6883506774902344","3.6883506774902344","3.6883506774902344","2.9781839847564697","2.9781839847564697","2.9781839847564697","3.491331100463867","3.491331100463867","3.491331100463867","3.6204993724823","3.6204993724823","3.6204993724823","2.9403748512268066","2.9403748512268066","2.9403748512268066","2.739753007888794","2.739753007888794","2.739753007888794","3.2344563007354736","3.2344563007354736","3.2344563007354736"
"462","2.718679666519165","2.718679666519165","2.718679666519165","4.154815673828125","4.154815673828125","4.154815673828125","2.438523769378662","2.438523769378662","2.438523769378662","2.5417869091033936","2.5417869091033936","2.5417869091033936","3.1788711547851562","3.1788711547851562","3.1788711547851562","2.9771177768707275","2.9771177768707275","2.9771177768707275","3.1227312088012695","3.1227312088012695","3.1227312088012695","3.7424731254577637","3.7424731254577637","3.7424731254577637","3.4684667587280273","3.4684667587280273","3.4684667587280273","3.2298240661621094","3.2298240661621094","3.2298240661621094"
"468","3.480504035949707","3.480504035949707","3.480504035949707","3.30318284034729","3.30318284034729","3.30318284034729","3.2119040489196777","3.2119040489196777","3.2119040489196777","3.9666643142700195","3.9666643142700195","3.9666643142700195","2.92958927154541","2.92958927154541","2.92958927154541","2.679521322250366","2.679521322250366","2.679521322250366","3.113755702972412","3.113755702972412","3.113755702972412","3.1408214569091797","3.1408214569091797","3.1408214569091797","3.752861738204956","3.752861738204956","3.752861738204956","3.4881560802459717","3.4881560802459717","3.4881560802459717"
"474","3.479198694229126","3.479198694229126","3.479198694229126","3.999176502227783","3.999176502227783","3.999176502227783","2.901745557785034","2.901745557785034","2.901745557785034","3.2690529823303223","3.2690529823303223","3.2690529823303223","3.2761342525482178","3.2761342525482178","3.2761342525482178","3.2031772136688232","3.2031772136688232","3.2031772136688232","3.2766852378845215","3.2766852378845215","3.2766852378845215","4.106607913970947","4.106607913970947","4.106607913970947","3.0795977115631104","3.0795977115631104","3.0795977115631104","3.0074872970581055","3.0074872970581055","3.0074872970581055"
"480","3.484537363052368","3.484537363052368","3.484537363052368","3.5119190216064453","3.5119190216064453","3.5119190216064453","2.9545412063598633","2.9545412063598633","2.9545412063598633","3.240128993988037","3.240128993988037","3.240128993988037","3.5697667598724365","3.5697667598724365","3.5697667598724365","2.7128419876098633","2.7128419876098633","2.7128419876098633","3.405242443084717","3.405242443084717","3.405242443084717","3.131936550140381","3.131936550140381","3.131936550140381","3.4004127979278564","3.4004127979278564","3.4004127979278564","2.485816240310669","2.485816240310669","2.485816240310669"
"486","2.863905429840088","2.863905429840088","2.863905429840088","3.376512050628662","3.376512050628662","3.376512050628662","3.25234055519104","3.25234055519104","3.25234055519104","3.810619354248047","3.810619354248047","3.810619354248047","3.218843936920166","3.218843936920166","3.218843936920166","2.9551804065704346","2.9551804065704346","2.9551804065704346","3.46685528755188","3.46685528755188","3.46685528755188","3.36529803276062","3.36529803276062","3.36529803276062","2.787184715270996","2.787184715270996","2.787184715270996","3.6606693267822266","3.6606693267822266","3.6606693267822266"
"492","3.480910062789917","3.480910062789917","3.480910062789917","3.795525312423706","3.795525312423706","3.795525312423706","4.136211395263672","4.136211395263672","4.136211395263672","3.7961606979370117","3.7961606979370117","3.7961606979370117","3.0052695274353027","3.0052695274353027","3.0052695274353027","2.593822717666626","2.593822717666626","2.593822717666626","3.660895586013794","3.660895586013794","3.660895586013794","3.4947004318237305","3.4947004318237305","3.4947004318237305","3.951413154602051","3.951413154602051","3.951413154602051","3.1795406341552734","3.1795406341552734","3.1795406341552734"
"498","2.536853313446045","2.536853313446045","2.536853313446045","3.050048351287842","3.050048351287842","3.050048351287842","3.348375082015991","3.348375082015991","3.348375082015991","3.4634108543395996","3.4634108543395996","3.4634108543395996","3.3029959201812744","3.3029959201812744","3.3029959201812744","2.3269238471984863","2.3269238471984863","2.3269238471984863","3.3674497604370117","3.3674497604370117","3.3674497604370117","3.5025670528411865","3.5025670528411865","3.5025670528411865","3.167407512664795","3.167407512664795","3.167407512664795","3.574195146560669","3.574195146560669","3.574195146560669"
"504","2.97990083694458","2.97990083694458","2.97990083694458","3.0657358169555664","3.0657358169555664","3.0657358169555664","3.2097039222717285","3.2097039222717285","3.2097039222717285","3.0650429725646973","3.0650429725646973","3.0650429725646973","3.315152168273926","3.315152168273926","3.315152168273926","3.0400290489196777","3.0400290489196777","3.0400290489196777","3.387423038482666","3.387423038482666","3.387423038482666","4.211638927459717","4.211638927459717","4.211638927459717","3.858020544052124","3.858020544052124","3.858020544052124","3.162100315093994","3.162100315093994","3.162100315093994"
"510","3.9203574657440186","3.9203574657440186","3.9203574657440186","3.6123735904693604","3.6123735904693604","3.6123735904693604","3.7570409774780273","3.7570409774780273","3.7570409774780273","3.342987060546875","3.342987060546875","3.342987060546875","3.975567579269409","3.975567579269409","3.975567579269409","3.6807870864868164","3.6807870864868164","3.6807870864868164","2.5885348320007324","2.5885348320007324","2.5885348320007324","3.2927284240722656","3.2927284240722656","3.2927284240722656","2.8576571941375732","2.8576571941375732","2.8576571941375732","3.118579626083374","3.118579626083374","3.118579626083374"
"516","3.133632183074951","3.133632183074951","3.133632183074951","3.916666030883789","3.916666030883789","3.916666030883789","2.974268674850464","2.974268674850464","2.974268674850464","3.7447638511657715","3.7447638511657715","3.7447638511657715","3.6276562213897705","3.6276562213897705","3.6276562213897705","2.7046778202056885","2.7046778202056885","2.7046778202056885","4.218988418579102","4.218988418579102","4.218988418579102","3.1448922157287598","3.1448922157287598","3.1448922157287598","3.316466808319092","3.316466808319092","3.316466808319092","3.384136438369751","3.384136438369751","3.384136438369751"
"522","3.8674707412719727","3.8674707412719727","3.8674707412719727","2.9498729705810547","2.9498729705810547","2.9498729705810547","3.2824487686157227","3.2824487686157227","3.2824487686157227","2.8911147117614746","2.8911147117614746","2.8911147117614746","2.9977035522460938","2.9977035522460938","2.9977035522460938","4.141590118408203","4.141590118408203","4.141590118408203","2.9024248123168945","2.9024248123168945","2.9024248123168945","3.0222649574279785","3.0222649574279785","3.0222649574279785","2.682927131652832","2.682927131652832","2.682927131652832","3.274799346923828","3.274799346923828","3.274799346923828"
"528","3.2817447185516357","3.2817447185516357","3.2817447185516357","3.0390007495880127","3.0390007495880127","3.0390007495880127","3.225290298461914","3.225290298461914","3.225290298461914","2.386242389678955","2.386242389678955","2.386242389678955","2.623059034347534","2.623059034347534","2.623059034347534","3.0015909671783447","3.0015909671783447","3.0015909671783447","3.51149320602417","3.51149320602417","3.51149320602417","2.9796886444091797","2.9796886444091797","2.9796886444091797","3.004575729370117","3.004575729370117","3.004575729370117","3.616135597229004","3.616135597229004","3.616135597229004"
"534","3.5445265769958496","3.5445265769958496","3.5445265769958496","3.548738479614258","3.548738479614258","3.548738479614258","3.946739912033081","3.946739912033081","3.946739912033081","2.951023578643799","2.951023578643799","2.951023578643799","3.9741997718811035","3.9741997718811035","3.9741997718811035","3.4025955200195312","3.4025955200195312","3.4025955200195312","2.624570369720459","2.624570369720459","2.624570369720459","3.6930623054504395","3.6930623054504395","3.6930623054504395","3.1734557151794434","3.1734557151794434","3.1734557151794434","3.5410847663879395","3.5410847663879395","3.5410847663879395"
"540","2.52817702293396","2.52817702293396","2.52817702293396","2.413254737854004","2.413254737854004","2.413254737854004","3.6417298316955566","3.6417298316955566","3.6417298316955566","2.935476303100586","2.935476303100586","2.935476303100586","3.7101821899414062","3.7101821899414062","3.7101821899414062","3.0611917972564697","3.0611917972564697","3.0611917972564697","3.4024150371551514","3.4024150371551514","3.4024150371551514","3.368832588195801","3.368832588195801","3.368832588195801","3.2374377250671387","3.2374377250671387","3.2374377250671387","3.643343687057495","3.643343687057495","3.643343687057495"
"546","3.191524028778076","3.191524028778076","3.191524028778076","3.535475969314575","3.535475969314575","3.535475969314575","3.443338394165039","3.443338394165039","3.443338394165039","3.163501262664795","3.163501262664795","3.163501262664795","3.393944501876831","3.393944501876831","3.393944501876831","3.5357656478881836","3.5357656478881836","3.5357656478881836","3.5434117317199707","3.5434117317199707","3.5434117317199707","2.996762752532959","2.996762752532959","2.996762752532959","3.859405994415283","3.859405994415283","3.859405994415283","2.7207698822021484","2.7207698822021484","2.7207698822021484"
"552","2.352442979812622","2.352442979812622","2.352442979812622","3.108776569366455","3.108776569366455","3.108776569366455","2.963235378265381","2.963235378265381","2.963235378265381","2.9236764907836914","2.9236764907836914","2.9236764907836914","3.331955909729004","3.331955909729004","3.331955909729004","2.9654648303985596","2.9654648303985596","2.9654648303985596","3.4018659591674805","3.4018659591674805","3.4018659591674805","2.6425232887268066","2.6425232887268066","2.6425232887268066","2.588136911392212","2.588136911392212","2.588136911392212","3.021791934967041","3.021791934967041","3.021791934967041"
"558","3.854740858078003","3.854740858078003","3.854740858078003","4.161507606506348","4.161507606506348","4.161507606506348","3.439988613128662","3.439988613128662","3.439988613128662","3.0105433464050293","3.0105433464050293","3.0105433464050293","3.9963810443878174","3.9963810443878174","3.9963810443878174","3.233944892883301","3.233944892883301","3.233944892883301","3.23806095123291","3.23806095123291","3.23806095123291","3.0438311100006104","3.0438311100006104","3.0438311100006104","2.7457854747772217","2.7457854747772217","2.7457854747772217","3.2179081439971924","3.2179081439971924","3.2179081439971924"
"564","3.2236318588256836","3.2236318588256836","3.2236318588256836","4.048450946807861","4.048450946807861","4.048450946807861","2.9156243801116943","2.9156243801116943","2.9156243801116943","3.443904399871826","3.443904399871826","3.443904399871826","3.0557472705841064","3.0557472705841064","3.0557472705841064","2.5049562454223633","2.5049562454223633","2.5049562454223633","3.8722949028015137","3.8722949028015137","3.8722949028015137","3.612196207046509","3.612196207046509","3.612196207046509","3.745209217071533","3.745209217071533","3.745209217071533","2.6994714736938477","2.6994714736938477","2.6994714736938477"
"570","2.8204755783081055","2.8204755783081055","2.8204755783081055","3.363826274871826","3.363826274871826","3.363826274871826","3.0372490882873535","3.0372490882873535","3.0372490882873535","2.9958581924438477","2.9958581924438477","2.9958581924438477","3.1447582244873047","3.1447582244873047","3.1447582244873047","2.926779270172119","2.926779270172119","2.926779270172119","3.28135347366333","3.28135347366333","3.28135347366333","2.901447296142578","2.901447296142578","2.901447296142578","3.103959560394287","3.103959560394287","3.103959560394287","3.360429286956787","3.360429286956787","3.360429286956787"
"576","3.8991222381591797","3.8991222381591797","3.8991222381591797","3.3920693397521973","3.3920693397521973","3.3920693397521973","3.815765857696533","3.815765857696533","3.815765857696533","3.620420455932617","3.620420455932617","3.620420455932617","3.1613669395446777","3.1613669395446777","3.1613669395446777","3.459373950958252","3.459373950958252","3.459373950958252","3.6866235733032227","3.6866235733032227","3.6866235733032227","2.495281457901001","2.495281457901001","2.495281457901001","2.9573822021484375","2.9573822021484375","2.9573822021484375","2.843151569366455","2.843151569366455","2.843151569366455"
"582","3.966020107269287","3.966020107269287","3.966020107269287","3.12176775932312","3.12176775932312","3.12176775932312","3.129727363586426","3.129727363586426","3.129727363586426","2.893853187561035","2.893853187561035","2.893853187561035","3.015826463699341","3.015826463699341","3.015826463699341","3.408390998840332","3.408390998840332","3.408390998840332","3.0244967937469482","3.0244967937469482","3.0244967937469482","3.302527904510498","3.302527904510498","3.302527904510498","3.4048032760620117","3.4048032760620117","3.4048032760620117","3.0222067832946777","3.0222067832946777","3.0222067832946777"
"588","3.537163019180298","3.537163019180298","3.537163019180298","3.3178672790527344","3.3178672790527344","3.3178672790527344","2.794175624847412","2.794175624847412","2.794175624847412","2.5092477798461914","2.5092477798461914","2.5092477798461914","2.4532389640808105","2.4532389640808105","2.4532389640808105","2.456768751144409","2.456768751144409","2.456768751144409","3.4693210124969482","3.4693210124969482","3.4693210124969482","3.804028034210205","3.804028034210205","3.804028034210205","2.6051712036132812","2.6051712036132812","2.6051712036132812","3.232520580291748","3.232520580291748","3.232520580291748"
"594","2.786472797393799","2.786472797393799","2.786472797393799","3.312371015548706","3.312371015548706","3.312371015548706","3.0644876956939697","3.0644876956939697","3.0644876956939697","2.8141560554504395","2.8141560554504395","2.8141560554504395","2.524556875228882","2.524556875228882","2.524556875228882","2.8737077713012695","2.8737077713012695","2.8737077713012695","2.7495882511138916","2.7495882511138916","2.7495882511138916","2.7935304641723633","2.7935304641723633","2.7935304641723633","3.5631766319274902","3.5631766319274902","3.5631766319274902","2.727557897567749","2.727557897567749","2.727557897567749"